{"cameraMode":{"drawMode":0,"name":"Shaded","section":"Shading Mode"},"sceneLighting":false,"audioPlay":false,"sceneViewState":{"m_AlwaysRefresh":false,"showFog":true,"showSkybox":true,"showFlares":true,"showImageEffects":true,"showParticleSystems":true,"showVisualEffectGraphs":true,"m_FxEnabled":true},"in2DMode":false,"pivot":{"x":77.35752868652344,"y":51.14272689819336,"z":139.85000610351563},"rotation":{"x":0.09144759178161621,"y":0.15558850765228272,"z":-0.014466301538050175,"w":0.9834809899330139},"size":114.92012023925781,"orthographic":false}